PRAGMA foreign_keys=OFF;
BEGIN TRANSACTION;
CREATE TABLE config (key TEXT, value TEXT );
INSERT INTO "config" VALUES('version','1');
COMMIT;
PRAGMA foreign_keys=OFF;
BEGIN TRANSACTION;
CREATE TABLE crs( id INTEGER PRIMARY KEY AUTOINCREMENT, name TEXT, desc TEXT, digits INTEGER DEFAULT 8 );
INSERT INTO "crs" VALUES(1,'UTM32N','+proj=utm +zone=32 +ellps=WGS84 +datum=WGS84 +units=m +nodefs',2);
INSERT INTO "crs" VALUES(2,'ED50-32','+proj=utm +zone=32 +ellps=intl +units=m +nodefs',2);
INSERT INTO "crs" VALUES(3,'Gauss-Boaga Zone 1','+proj=tmerc +ellps=intl +lat_0=0 +lon_0=9 +k=0.9996 +x_0=1500000 +y_0=0 +towgs84=-104.1, -49.1, -9.9, 0.971, -2.971, 0.714, -11.68 +nodefs',2);
INSERT INTO "crs" VALUES(4,'Gauss-Boaga Zone 2','+proj=tmerc +ellps=intl +lat_0=0 +lon_0=15 +k=0.9996 +x_0=2520000 +y_0=0 +towgs84=-104.1, -49.1, -9.9, 0.971, -2.971, 0.714, -11.68 +nodefs',2);
INSERT INTO "crs" VALUES(5,'Gauss-Boaga Sardinia','+proj=tmerc +ellps=intl +lat_0=0 +lon_0=9 +k=0.9996 +x_0=1500000 +y_0=0 +towgs84=-168.6, -34.0, 38.6, -0.374, -0.679, -1.379, -9.48 +nodefs',2);
INSERT INTO "crs" VALUES(6,'Gauss-Boaga Sicily','+proj=tmerc +ellps=intl +lat_0=0 +lon_0=15 +k=0.9996 +x_0=2520000 +y_0=0 +towgs84=-50.2,-50.4, 84.8, -0.690, -2.012, 0.459, -28.08 +nodefs',2);
INSERT INTO "crs" VALUES(7,'CH1903+ / LV95','+proj=somerc +lat_0=46.95240555555556 +lon_0=7.439583333333333 +k_0=1 +x_0=2600000 +y_0=1200000 +ellps=bessel +towgs84=674.374,15.056,405.346,0,0,0,0 +units=m +no_defs',0);
INSERT INTO "crs" VALUES(8,'CH1903 / LV03','+proj=somerc +lat_0=46.95240555555556 +lon_0=7.439583333333333 +k_0=1 +x_0=600000 +y_0=200000 +ellps=bessel +towgs84=674.374,15.056,405.346,0,0,0,0 +units=m +no_defs',0);
COMMIT;
PRAGMA foreign_keys=OFF;
BEGIN TRANSACTION;
CREATE TABLE continent ( id INTEGER PRIMARY KEY, name TEXT );
INSERT INTO "continent" VALUES(1,'Europe');
INSERT INTO "continent" VALUES(2,'Asia');
INSERT INTO "continent" VALUES(3,'Africa');
INSERT INTO "continent" VALUES(4,'North America');
INSERT INTO "continent" VALUES(5,'Central America');
INSERT INTO "continent" VALUES(6,'South America');
INSERT INTO "continent" VALUES(7,'Oceania');
COMMIT;
PRAGMA foreign_keys=OFF;
BEGIN TRANSACTION;
CREATE TABLE country( code TEXT, name TEXT , continent INTEGER);
INSERT INTO "country" VALUES('it','Italy',1);
INSERT INTO "country" VALUES('fr','France',1);
INSERT INTO "country" VALUES('uk','United Kingdom',1);
INSERT INTO "country" VALUES('es','Spain',1);
INSERT INTO "country" VALUES('ch','Switzerland',1);
COMMIT;
PRAGMA foreign_keys=OFF;
BEGIN TRANSACTION;
CREATE TABLE relation( country TEXT, crs INTEGER );
INSERT INTO "relation" VALUES('it',1);
INSERT INTO "relation" VALUES('it',2);
INSERT INTO "relation" VALUES('it',3);
INSERT INTO "relation" VALUES('it',4);
INSERT INTO "relation" VALUES('it',5);
INSERT INTO "relation" VALUES('it',6);
INSERT INTO "relation" VALUES('ch',7);
INSERT INTO "relation" VALUES('ch',8);
COMMIT;
